<?xml version="1.0" encoding="utf-8"?>
<odoo>
    <!-- When initializing Odoo through Docker this parameter needed for reports is missing. -->
    <record id="report_url" model="ir.config_parameter">
        <field name="key">report.url</field>
        <field name="value">http://localhost:8069</field>
    </record>

    <!-- When initializing Odoocker with S3 storage. -->
    <record id="ir_attachment_location" model="ir.config_parameter">
        <field name="key">ir_attachment.location</field>
        <field name="value">s3</field>
    </record>
</odoo>
